{"PlanList": [{"id": 0, "name": "Test", "active": false, "towers": [[831453995, 10.5010152, 55.2811645], [2255659785, 10.2149244, 55.3391896], [1856236707, 10.1040861, 55.4703185]], "missionReport": [], "done": false, "plan": [{"drone": 0, "distance": 1499.0, "path": [[55.350773, 10.2027901], [55.349135, 10.2045319], [55.3483344, 10.2053418], [55.3465289, 10.2072561], [55.3452421, 10.2085877], [55.344124, 10.2097758], [55.3424033, 10.2115578], [55.3407611, 10.2133125], [55.3391896, 10.2149244]]}, {"drone": 1, "distance": 2255.0, "path": [[55.3000117, 10.5073892], [55.2969935, 10.5086387], [55.2948559, 10.509493], [55.2923894, 10.5104949], [55.2902701, 10.5086866], [55.2881203, 10.5068895], [55.2855522, 10.5047078], [55.2834687, 10.5029383], [55.2811645, 10.5010152]]}, {"drone": 4, "distance": 3620.0, "path": [[55.4661384, 10.1610465], [55.4663507, 10.1581895], [55.4664689, 10.1563782], [55.4666777, 10.1536356], [55.4667348, 10.152873], [55.4669053, 10.150466], [55.4671309, 10.147581], [55.4673289, 10.1448067], [55.4675158, 10.1420223], [55.4677325, 10.1392091], [55.4679428, 10.1362798], [55.4681396, 10.1335883], [55.4683476, 10.1309126], [55.4685071, 10.1288208], [55.4687078, 10.1259547], [55.468887, 10.1235526], [55.4690682, 10.1211764], [55.4692878, 10.118301], [55.4694323, 10.1163903], [55.4696163, 10.1138412], [55.4697918, 10.1113418], [55.4699387, 10.109318], [55.4701169, 10.1068159], [55.4703185, 10.1040861]]}]}]}