{"PlanList": [{"id": 0, "name": "Test", "active": false, "towers": [[831453995, 10.5010152, 55.2811645], [2255659785, 10.2149244, 55.3391896], [1856236707, 10.1040861, 55.4703185]], "done": false, "plan": [{"drone": 0, "distance": 1499.0, "path": [[55.350773, 10.2027901], [55.349135, 10.2045319], [55.3483344, 10.2053418], [55.3465289, 10.2072561], [55.3452421, 10.2085877], [55.344124, 10.2097758], [55.3424033, 10.2115578], [55.3407611, 10.2133125], [55.3391896, 10.2149244]]}, {"drone": 1, "distance": 2255.0, "path": [[55.3000117, 10.5073892], [55.2969935, 10.5086387], [55.2948559, 10.509493], [55.2923894, 10.5104949], [55.2902701, 10.5086866], [55.2881203, 10.5068895], [55.2855522, 10.5047078], [55.2834687, 10.5029383], [55.2811645, 10.5010152]]}, {"drone": 4, "distance": 3620.0, "path": [[55.4661384, 10.1610465], [55.4663507, 10.1581895], [55.4664689, 10.1563782], [55.4666777, 10.1536356], [55.4667348, 10.152873], [55.4669053, 10.150466], [55.4671309, 10.147581], [55.4673289, 10.1448067], [55.4675158, 10.1420223], [55.4677325, 10.1392091], [55.4679428, 10.1362798], [55.4681396, 10.1335883], [55.4683476, 10.1309126], [55.4685071, 10.1288208], [55.4687078, 10.1259547], [55.468887, 10.1235526], [55.4690682, 10.1211764], [55.4692878, 10.118301], [55.4694323, 10.1163903], [55.4696163, 10.1138412], [55.4697918, 10.1113418], [55.4699387, 10.109318], [55.4701169, 10.1068159], [55.4703185, 10.1040861]]}]}, {"id": 2, "name": "Test3", "active": false, "towers": [[2374155912, 10.0588935, 55.3839222]], "done": false, "plan": [{"drone": 0, "distance": 25095.0, "path": [[55.350773, 10.2027901], [55.3525414, 10.2023977], [55.3544561, 10.2019507], [55.355486, 10.2017123], [55.3567319, 10.2015233], [55.3571256, 10.2069125], [55.3574925, 10.2118876], [55.3578266, 10.2164561], [55.358357, 10.2237539], [55.3587679, 10.2292065], [55.3590923, 10.2336848], [55.3593493, 10.2371654], [55.359612, 10.2409269], [55.3599483, 10.2451251], [55.3616451, 10.2475613], [55.36408, 10.2510341], [55.3659895, 10.2537571], [55.3683871, 10.2571491], [55.3703528, 10.2599313], [55.3727903, 10.2633797], [55.3746088, 10.2660022], [55.3766938, 10.2689469], [55.3782674, 10.2712053], [55.379719289476725, 10.273249500143379], [55.380102, 10.2698354], [55.380529, 10.2660158], [55.3809318, 10.2623209], [55.3811713, 10.2568917], [55.3814036, 10.2516446], [55.381644, 10.2458381], [55.3818808, 10.2406156], [55.3820606, 10.2366551], [55.3822317, 10.2325833], [55.3816706, 10.2286988], [55.3810108, 10.2241287], [55.3804303, 10.2201981], [55.3797372, 10.2152718], [55.3790098, 10.2103454], [55.3781575, 10.2046855], [55.3787237, 10.2018762], [55.3793697, 10.1986256], [55.3798928, 10.1960408], [55.380124, 10.1948984], [55.3808035, 10.1914694], [55.3815116, 10.1879789], [55.3821816, 10.1828902], [55.3828161, 10.17802], [55.3833337, 10.174125], [55.3839076, 10.1697514], [55.38464, 10.1641754], [55.3852325, 10.1596598], [55.3877171, 10.1577167], [55.3904673, 10.1555761], [55.392625, 10.1539269], [55.3937282, 10.1486717], [55.3935742, 10.1484611], [55.3940122, 10.146381], [55.393299, 10.1444792], [55.3938435, 10.1411254], [55.3945018, 10.1370642], [55.3952085, 10.1326067], [55.3958595, 10.1286265], [55.3965831, 10.1241051], [55.3968652, 10.1224156], [55.3972172, 10.1203082], [55.3978989, 10.1160456], [55.3985565, 10.1119549], [55.3992503, 10.1075656], [55.3981169, 10.1051704], [55.3967825, 10.1024838], [55.3948934, 10.1000476], [55.3928802, 10.0998713], [55.390429, 10.0996322], [55.3883945, 10.0994361], [55.3859486, 10.0992046], [55.3845598, 10.0951598], [55.3833538, 10.0916134], [55.3821019, 10.0879846], [55.3808258, 10.0842707], [55.3812302, 10.0817076], [55.3818544, 10.0778414], [55.3825277, 10.07363], [55.3830498, 10.0703287], [55.3833519, 10.0664915], [55.3836322, 10.0628159], [55.3838159, 10.060391], [55.3839222, 10.0588935]]}]}, {"id": 3, "name": "planTest", "active": false, "towers": [[1856236644, 10.1748109, 55.4651323], [2255659828, 10.2069125, 55.3571256], [2280063836, 10.3546702, 55.3250021], [831453885, 10.5133233, 55.3278073], [831454000, 10.5047153, 55.2727677], [831454005, 10.5104949, 55.2923894]], "done": false, "plan": [{"drone": 0, "distance": 3652.0, "path": [[55.350773, 10.2027901], [55.3525414, 10.2023977], [55.3544561, 10.2019507], [55.355486, 10.2017123], [55.3567319, 10.2015233], [55.3571256, 10.2069125]]}, {"drone": 1, "distance": 3217.0, "path": [[55.3000117, 10.5073892], [55.2969935, 10.5086387], [55.2948559, 10.509493], [55.2923894, 10.5104949], [55.2923894, 10.5104949], [55.2902701, 10.5086866], [55.2881203, 10.5068895], [55.2855522, 10.5047078], [55.2834687, 10.5029383], [55.2811645, 10.5010152], [55.27899, 10.5019659], [55.2756746, 10.5034348], [55.2727677, 10.5047153]]}, {"drone": 2, "distance": 953.0, "path": [[55.3359184, 10.5181911], [55.3331229, 10.5165146], [55.3298887, 10.514592], [55.3278073, 10.5133233]]}, {"drone": 3, "distance": 665.0, "path": [[55.321733, 10.3634733], [55.3226846, 10.3609151], [55.3237871, 10.3579702], [55.3250021, 10.3546702]]}, {"drone": 4, "distance": 874.0, "path": [[55.4661384, 10.1610465], [55.4659496, 10.1635967], [55.4657392, 10.1664895], [55.4655315, 10.1693727], [55.4653265, 10.1722892], [55.4651323, 10.1748109]]}]}]}