{"PlanList": [{"id": 0, "name": "test", "active": false, "done": false, "plan": [{"drone": 0, "towers": [[2255659804, 10.2113764, 55.3547438], [2255659805, 10.2374277, 55.3549223], [2280063825, 10.3777701, 55.3164463], [2280063819, 10.39357, 55.3105925]]}, {"drone": 1, "towers": [[831453858, 10.5029383, 55.2834687], [831453933, 10.5034348, 55.2756746]]}]}, {"id": 1, "name": "test2", "active": false, "done": false, "plan": [{"drone": 0, "towers": [[2282361716, 10.2336848, 55.3590923], [2282361726, 10.2660022, 55.3746088], [831581875, 10.2406564, 55.3821723]]}, {"drone": 3, "towers": [[2282361726, 10.2660022, 55.3746088]]}]}]}